ANCHOR_EVENT,N_PATIENTS,N_MALE,N_FEMALE,PCT_MALE,PCT_FEMALE,AGE_LQ_YEARS,AGE_MEDIAN_YEARS,AGE_UQ_YEARS
INDEX,58540,42532,16008,72.65459514861634,27.34540485138367,64.7802,73.451,79.6413
FIRST_MET,9922,6796,3126,68.49425519048579,31.50574480951421,64.95,73.7905,79.8795
